"title","totalScore","reviewsCount","street","city","state","countryCode","website","phone","categories/0","categories/1","categories/2","categories/3","categories/4","categories/5","categories/6","categories/7","categories/8","categories/9","categories/10","url","categoryName"
"Hazel Court","4.3","437","1 Hazel Ct","York",,"GB","https://www.york.gov.uk/info/20091/household_waste/613/hazel_court_household_waste_recycling_centre_hwrc","+44 1904 551550","Recycling center",,,,,,,,,,,"https://www.google.com/maps/search/?api=1&query=Hazel%20Court&query_place_id=ChIJX5M4P7cxeUgRrynQxhly9uE","Recycling center"
"Rainbow Restoration - York & Yorkshire Coast","5","9","Unit 8, London Ebor Business Park, Millfield Ln","York",,"GB","https://york.rainbow-int.co.uk/","+44 1904 607777","Water damage restoration service","Asbestos testing service","Blast cleaning service","Building restoration service","Carpet cleaning service","Fire damage restoration service","Graffiti removal service","Plumber","Pressure washing service",,,"https://www.google.com/maps/search/?api=1&query=Rainbow%20Restoration%20-%20York%20%26%20Yorkshire%20Coast&query_place_id=ChIJtbRBh2wveUgR-i9bIZRvQM8","Water damage restoration service"
"GNR Geoff Neal (Roofing) Ltd","4.7","60","Sutton Rd","York",,"GB","http://www.nealroofing.com/","+44 1904 763894","Roofing contractor","Bricklayer","Building consultant","Building restoration service","Contractor","Heritage preservation","Joiner","Metal fabricator","Sheet metal contractor","Waterproofing service",,"https://www.google.com/maps/search/?api=1&query=GNR%20Geoff%20Neal%20(Roofing)%20Ltd&query_place_id=ChIJ67CgN6wzeUgRDth4zSdy2Us","Roofing contractor"
"BusinessWaste.co.uk","4.6","207","Artemis House, Eboracum Wy, Heworth Grn","York",,"GB","https://www.businesswaste.co.uk/","+44 800 211 8390","Waste management service","Garbage collection service",,,,,,,,,,"https://www.google.com/maps/search/?api=1&query=BusinessWaste.co.uk&query_place_id=ChIJ99H3cOL6e0gRJfvBc--5bGY","Waste management service"
"Eurosafe UK/Tersus Consultancy","5","5","Eurosafe House","York",,"GB","http://www.eurosafeuk.co.uk/","+44 1904 691515","Consultant",,,,,,,,,,,"https://www.google.com/maps/search/?api=1&query=Eurosafe%20UK%2FTersus%20Consultancy&query_place_id=ChIJ7-Q5U_cxeUgRS85OnX3noOw","Consultant"
"Quirk Asbestos Survey York Ltd","5","2","33 A1036","York",,"GB","http://asbestosremovalyork.com/","+44 1904 935523","Asbestos testing service","Environmental consultant",,,,,,,,,,"https://www.google.com/maps/search/?api=1&query=Quirk%20Asbestos%20Survey%20York%20Ltd&query_place_id=ChIJtScMtRXMd0gRVbhYs6172xc","Asbestos testing service"
"Asbestos Management Consultancy Ltd","5","3","The Airfield, 1st Floor Daffodil House","York",,"GB","https://www.amc-asbestos.co.uk/","+44 1759 307412","Asbestos testing service",,,,,,,,,,,"https://www.google.com/maps/search/?api=1&query=Asbestos%20Management%20Consultancy%20Ltd&query_place_id=ChIJOe69-aHXeEgRuq9MB3m9WAY","Asbestos testing service"
"Future Select Limited","4.5","4","Omega 3, Monks Cross Dr","York",,"GB","http://www.future-select.co.uk/","+44 1904 766611","Recruiter",,,,,,,,,,,"https://www.google.com/maps/search/?api=1&query=Future%20Select%20Limited&query_place_id=ChIJGRkg0PkxeUgRqw4mOYWqsLk","Recruiter"
"Green Asbestos Removal York Ltd","4","4","16 The Tannery, Lawrence St","York",,"GB","http://asbestosremovalyork.co.uk/","+44 1904 935303","Demolition contractor","Asbestos testing service","Environmental consultant","Surveyor",,,,,,,,"https://www.google.com/maps/search/?api=1&query=Green%20Asbestos%20Removal%20York%20Ltd&query_place_id=ChIJPxDUB0mYcEgRxixnyzGMJQ4","Demolition contractor"
"fire alarm york",,,"11 Peter Ln","York",,"GB","http://www.firealarmyork.co.uk/","+44 1904 234111","Fire alarm supplier","Design","Property management company","Security service","Security system supplier",,,,,,,"https://www.google.com/maps/search/?api=1&query=fire%20alarm%20york&query_place_id=ChIJnWKlxagxeUgRVtN8L0dUe4A","Fire alarm supplier"
"WPS Fire and Security Ltd","4","12","York Eco Business Centre","York",,"GB","http://www.wpsfireandsecurity.co.uk/","+44 1904 936000","Fire alarm supplier","Security system installation service","Security system supplier",,,,,,,,,"https://www.google.com/maps/search/?api=1&query=WPS%20Fire%20and%20Security%20Ltd&query_place_id=ChIJa8_auCwxeUgRKpKGImuhReM","Fire alarm supplier"
"Minster Alarms Ltd","4.8","33","Suncliffe House, 157 New Ln","York",,"GB","http://www.minsteralarms.co.uk/","+44 1904 466400","Security system supplier","Burglar alarm store","Fire alarm supplier","Fire protection system supplier","Safety equipment supplier","Security system installation service",,,,,,"https://www.google.com/maps/search/?api=1&query=Minster%20Alarms%20Ltd&query_place_id=ChIJOWNIZvQxeUgR2G7p6hmhaDQ","Security system supplier"
"Ultra Fire & Security Ltd","5","4","159 Westfield Pl","York",,"GB","https://ultra-security.co.uk/","+44 1904 314400","Security system supplier","Lighting store","Medical supply store",,,,,,,,,"https://www.google.com/maps/search/?api=1&query=Ultra%20Fire%20%26%20Security%20Ltd&query_place_id=ChIJDZIYkbCk824Rt6t4UneCqfs","Security system supplier"
"ADVANCE FIRE SERVICES","3.8","10","21-23 Lawrence St","York",,"GB","http://www.advancefireyork.co.uk/","+44 1904 634036","Fire alarm supplier","Burglar alarm store","Fire protection consultant","Fire protection equipment supplier","Fire protection service","Fire protection system supplier","Safety equipment supplier","Security system installation service","Security system supplier","Sign shop",,"https://www.google.com/maps/search/?api=1&query=ADVANCE%20FIRE%20SERVICES&query_place_id=ChIJ17544rMxeUgRoaVtrSBCzMo","Fire alarm supplier"
"NORTHPOINT FIRE & SECURITY","5","14","2, Cayley Court, George Cayley Dr","York",,"GB","http://www.northpointfire.co.uk/","+44 1904 233228","Fire alarm supplier","Fire protection service","Safety equipment supplier","Security system supplier",,,,,,,,"https://www.google.com/maps/search/?api=1&query=NORTHPOINT%20FIRE%20%26%20SECURITY&query_place_id=ChIJ43eOURIxeUgRphk4ElwYbfs","Fire alarm supplier"
"Vesta Fire Protection","5","2","39 Ryecroft Ave","York",,"GB","http://www.vestafireprotection.co.uk/","+44 1904 704076","Fire protection system supplier",,,,,,,,,,,"https://www.google.com/maps/search/?api=1&query=Vesta%20Fire%20Protection&query_place_id=ChIJ_8cZHtAweUgRFwK9XLLFcAc","Fire protection system supplier"
"Coventfire",,,"78 Princess Dr","York",,"GB",,"+44 1904 787268","Fire protection equipment supplier",,,,,,,,,,,"https://www.google.com/maps/search/?api=1&query=Coventfire&query_place_id=ChIJsQUmZjkxeUgRTsJx5vGe7R4","Fire protection equipment supplier"
"Selby Bolt & Nut Ltd York","4.6","9","Airfield Industrial Estate, Unit 9, Buccaneer Court","York",,"GB","http://www.selbyboltandnutltd.co.uk/","+44 1904 608884","Hardware store","Fastener supplier","Home improvement store",,,,,,,,,"https://www.google.com/maps/search/?api=1&query=Selby%20Bolt%20%26%20Nut%20Ltd%20York&query_place_id=ChIJAb4PV2wveUgRuqR9GhkiKNk","Hardware store"
"Yorkstore Ltd","4.7","12",,"York",,"GB","http://www.yorkstore.co.uk/","+44 1904 403813","Self-storage facility",,,,,,,,,,,"https://www.google.com/maps/search/?api=1&query=Yorkstore%20Ltd&query_place_id=ChIJDdSg31kveUgR3THh6Tc3l1s","Self-storage facility"
"Northern Powergrid","3.4","5",,"York",,"GB","https://www.northernpowergrid.com/","+44 800 668877","Electric utility company",,,,,,,,,,,"https://www.google.com/maps/search/?api=1&query=Northern%20Powergrid&query_place_id=ChIJw_GPuvsueUgR7tCM6g2HKWA","Electric utility company"
"CYC Hazel Court","4","1","Council, Public Protection, Eco Depot, Hazel Ct","York",,"GB",,"+44 1904 551525","Environmental consultant",,,,,,,,,,,"https://www.google.com/maps/search/?api=1&query=CYC%20Hazel%20Court&query_place_id=ChIJ7fIndbcxeUgROLRj15CF7r8","Environmental consultant"
"Bootham Removals & Storage Ltd","3.7","13","Compass House, Common Road","York",,"GB",,"+44 1904 488488","Moving and storage service","Mover","Storage facility",,,,,,,,,"https://www.google.com/maps/search/?api=1&query=Bootham%20Removals%20%26%20Storage%20Ltd&query_place_id=ChIJ6_r1A7IxeUgRU0VgwosRnOI","Moving and storage service"
"A. Rhodes Haulage Limited","2.9","27","Grange Farm, Hazel Bush Lane","York",,"GB","http://www.a-rhodes.co.uk/","+44 1904 400175","Trucking company","Transportation service",,,,,,,,,,"https://www.google.com/maps/search/?api=1&query=A.%20Rhodes%20Haulage%20Limited&query_place_id=ChIJa4-5b8steUgRTwjZr6jN0cU","Trucking company"
"Simon Morris Removals & Storage Ltd","4.9","16","20-21 Hassacarr Cl, Chessingham Park","York",,"GB","https://www.simonmorristransport.com/","+44 1904 481366","Moving and storage service",,,,,,,,,,,"https://www.google.com/maps/search/?api=1&query=Simon%20Morris%20Removals%20%26%20Storage%20Ltd&query_place_id=ChIJc4oEwfsueUgRjxR1BE4P49I","Moving and storage service"
"A1 Plant & Haulage York","4.9","36","drome Farm York Road","York",,"GB","https://a1haulageyork.co.uk/","+44 1904 608463","Trucking company","Aggregate supplier",,,,,,,,,,"https://www.google.com/maps/search/?api=1&query=A1%20Plant%20%26%20Haulage%20York&query_place_id=ChIJBTu6BA0veUgRASWodz-9pcY","Trucking company"
"Lightning Logistics International LTD","5","2","5a, Foxoak Park, Common Rd","York",,"GB","https://lightninglogistics.co.uk/","+44 800 019 1211","Logistics service","Courier service","Storage facility",,,,,,,,,"https://www.google.com/maps/search/?api=1&query=Lightning%20Logistics%20International%20LTD&query_place_id=ChIJKy3gsc0veUgR5ek4jkE6Y5k","Logistics service"
"Machines Automation Robotic Systems Ltd.",,,"The Steadings, Stamford Bridge Rd","York",,"GB","http://www.hotplatewelding.co.uk/","+44 7710 354802","Industrial equipment supplier",,,,,,,,,,,"https://www.google.com/maps/search/?api=1&query=Machines%20Automation%20Robotic%20Systems%20Ltd.&query_place_id=ChIJAYKA8V4ueUgRjyVh4TGHxoM","Industrial equipment supplier"
"Willsden Steel Ltd","3.8","4","Airfield Industrial Estate, YORK ROAD","York",,"GB","https://www.willsdensteel.co.uk/","+44 1904 608773","Steel supplier",,,,,,,,,,,"https://www.google.com/maps/search/?api=1&query=Willsden%20Steel%20Ltd&query_place_id=ChIJOVckl2sveUgRYFTCzkDYWPg","Steel supplier"
"Technical Arc","4.1","10","Outgang Ln","York",,"GB","http://www.technicalarc.co.uk/","+44 1904 410041","Welding supply store","Welding",,,,,,,,,,"https://www.google.com/maps/search/?api=1&query=Technical%20Arc&query_place_id=ChIJt4Ga7iUueUgR4HCP3BlEWt8","Welding supply store"
"Yorkshire Paper Hygiene Services",,,"4B Chessingham Park","York",,"GB",,"+44 1904 481943","Cleaning products supplier",,,,,,,,,,,"https://www.google.com/maps/search/?api=1&query=Yorkshire%20Paper%20Hygiene%20Services&query_place_id=ChIJKz9wUfkueUgREu29pQEyCm0","Cleaning products supplier"
"First Fix Industrial Supplies","5","1","1B, Birch Industrial Estate, Huntington Rd","York",,"GB","http://firstfix.co.uk/","+44 1904 636300","Industrial equipment supplier",,,,,,,,,,,"https://www.google.com/maps/search/?api=1&query=First%20Fix%20Industrial%20Supplies&query_place_id=ChIJew30xpMxeUgR9xob9HiqK64","Industrial equipment supplier"
"Houghtons of York","3.8","15","Private Road, Derwent Valley Industrial Estate, Common Rd","York",,"GB","http://www.houghtonsofyork.co.uk/","+44 1904 489193","Joiner",,,,,,,,,,,"https://www.google.com/maps/search/?api=1&query=Houghtons%20of%20York&query_place_id=ChIJHYrOnvsueUgRjJOurqrnvTE","Joiner"
"York Warehouse & Distribution","4.5","4",,"York",,"GB","https://www.yorkwarehouseanddistributionltd.co.uk/","+44 1904 607733","Self-storage facility",,,,,,,,,,,"https://www.google.com/maps/search/?api=1&query=York%20Warehouse%20%26%20Distribution&query_place_id=ChIJ_btPXUAveUgRx47Qde3N3jw","Self-storage facility"
"Catering Appliances UK","2.8","13","4B Chessingham Park","York",,"GB","http://cateringappliancesuk.co.uk/","+44 333 358 3953","Restaurant supply store",,,,,,,,,,,"https://www.google.com/maps/search/?api=1&query=Catering%20Appliances%20UK&query_place_id=ChIJteLOUfkueUgREhek5LB-87M","Restaurant supply store"
"TASC2 The Asbestos Solutions Company","5","17","25 Skeldergate","York",,"GB","https://www.tasc2.com/","+44 7719 487981","Asbestos testing service","Demolition contractor",,,,,,,,,,"https://www.google.com/maps/search/?api=1&query=TASC2%20The%20Asbestos%20Solutions%20Company&query_place_id=ChIJc4or_DTJsIMRrjYwtuN4a2w","Asbestos testing service"
"Lowton Engineering Ltd","5","3","Raylor Centre, James St","York",,"GB",,"+44 1904 438787","Engineer",,,,,,,,,,,"https://www.google.com/maps/search/?api=1&query=Lowton%20Engineering%20Ltd&query_place_id=ChIJW3fO77YxeUgR5rI4WX9waGs","Engineer"
"York Bathrooms ltd","5","117","Camsey House Foxoak Park, Common Rd","York",,"GB","https://york-bathrooms.com/","+44 1904 489000","Bathroom supply store","Bathroom remodeler","Plumbing supply store",,,,,,,,,"https://www.google.com/maps/search/?api=1&query=York%20Bathrooms%20ltd&query_place_id=ChIJm5DjVE8xeUgRqHPrED6Wrs0","Bathroom supply store"
"HotelWare Supplies","5","12","4 Chessingham Park","York",,"GB","http://www.hotel-ware.co.uk/","+44 113 263 1193","Equipment supplier","Cleaning products supplier","Hotel supply store","Janitorial equipment supplier","Kitchen supply store","Paper distributor","Restaurant supply store",,,,,"https://www.google.com/maps/search/?api=1&query=HotelWare%20Supplies&query_place_id=ChIJjzzUUGwveUgR8J5xWNMMSlI","Equipment supplier"
"Technical Services & Supplies",,,"6a Chessingham Park","York",,"GB",,"+44 1904 488588","Measuring instruments supplier","Electronics manufacturer","Equipment supplier",,,,,,,,,"https://www.google.com/maps/search/?api=1&query=Technical%20Services%20%26%20Supplies&query_place_id=ChIJtaESv_sueUgRG00B2ypHHMY","Measuring instruments supplier"
"Fdcheck.ltd","5","1","63-65 Heworth Rd","York",,"GB","https://fdcheck.com/","+44 7878 899537","Fire protection system supplier","Fire damage restoration service","Fire protection consultant",,,,,,,,,"https://www.google.com/maps/search/?api=1&query=Fdcheck.ltd&query_place_id=ChIJD5XwZmMxeUgRQGn0PtVluNs","Fire protection system supplier"
"Brecks Engineering Ltd","5","2","Laveracks Industrial Estate, York Rd","York",,"GB","https://www.brecksengineering.co.uk/","+44 1904 608482","Precision engineer","Design engineer","Metal fabricator",,,,,,,,,"https://www.google.com/maps/search/?api=1&query=Brecks%20Engineering%20Ltd&query_place_id=ChIJ_btPXUAveUgR7PGMxkljuOU","Precision engineer"
"Cooltec Services (York) Ltd","5","4","4 B Chessingham Park, Common Rd","York",,"GB","http://www.cooltecservices.co.uk/","+44 1904 750206","Air conditioning contractor","Air conditioning store","Air conditioning system supplier","Commercial refrigerator supplier",,,,,,,,"https://www.google.com/maps/search/?api=1&query=Cooltec%20Services%20(York)%20Ltd&query_place_id=ChIJKz9wUfkueUgReilBRp8t-ek","Air conditioning contractor"
"John Wright Electrical & Mechanical Services Ltd","4.2","21","1 Common Rd","York",,"GB","https://www.johnwrightelectrical.co.uk/","+44 1904 424114","Electrician",,,,,,,,,,,"https://www.google.com/maps/search/?api=1&query=John%20Wright%20Electrical%20%26%20Mechanical%20Services%20Ltd&query_place_id=ChIJT5C0vykueUgR1NzpKNGzCfk","Electrician"
"Fridgetec","1","2","Unit 4, Chessingham Park","York",,"GB",,"+44 1904 705206","Commercial refrigerator supplier",,,,,,,,,,,"https://www.google.com/maps/search/?api=1&query=Fridgetec&query_place_id=ChIJU_CNeIkveUgRGKgFymHN-p4","Commercial refrigerator supplier"
"Miller Food Service","4.2","52","Common Rd","York",,"GB","http://www.millerfoodservice.co.uk/","+44 1904 655368","Wholesale food store",,,,,,,,,,,"https://www.google.com/maps/search/?api=1&query=Miller%20Food%20Service&query_place_id=ChIJi_32My0weUgRnTJqd5SBUUw","Wholesale food store"
"RDD+ Ltd","5","1","Chessingham Park","York",,"GB","https://rddplus.com/","+44 1759 487198","Industrial design company",,,,,,,,,,,"https://www.google.com/maps/search/?api=1&query=RDD%2B%20Ltd&query_place_id=ChIJm-g5O0wveUgRhh5xlCUSEMg","Industrial design company"
"DGP Intelsius Ltd","4.5","8","Airfield Business Park, 1 Harrier Ct","York",,"GB","http://www.intelsius.com/","+44 1904 607390","Packaging company",,,,,,,,,,,"https://www.google.com/maps/search/?api=1&query=DGP%20Intelsius%20Ltd&query_place_id=ChIJa1AykGwveUgRnfVhFTttCb8","Packaging company"
"Transplant Haulage York",,,"5 Farndale Ave","York",,"GB",,"+44 1904 414645","Trucking company",,,,,,,,,,,"https://www.google.com/maps/search/?api=1&query=Transplant%20Haulage%20York&query_place_id=ChIJ279bH6kveUgRsTY2t-dxpHQ","Trucking company"
"AB Electrical Wholesalers Ltd","4.9","11","6 Chessingham Park, Common Rd","York",,"GB","http://www.abew.co.uk/","+44 1904 489333","Electrical products wholesaler","Electrical supply store","Electrician",,,,,,,,,"https://www.google.com/maps/search/?api=1&query=AB%20Electrical%20Wholesalers%20Ltd&query_place_id=ChIJdRjrRPkueUgRuhYIUinL0sk","Electrical products wholesaler"
"Garage Mechanic York - Dunnington Motor Care Ltd","4.8","65","Unit 2b, Old Station Yard","York",,"GB","http://www.dunningtonmotorcare.co.uk/","+44 1904 481818","Auto repair shop","Air conditioning repair service","Car inspection station","Car repair and maintenance service","Chauffeur service","Diagnostic center","Mechanical engineer","Tire shop","Vehicle inspection service",,,"https://www.google.com/maps/search/?api=1&query=Garage%20Mechanic%20York%20-%20Dunnington%20Motor%20Care%20Ltd&query_place_id=ChIJa9RtePwueUgRVM8HiGUXps0","Auto repair shop"
"Don Barker Ltd",,,"Bluebell Cottage, The Hill","Brigg",,"GB","http://www.theblacksmiths.co.uk/","+44 1652 618965","Blacksmith","Building restoration service","Metal fabricator",,,,,,,,,"https://www.google.com/maps/search/?api=1&query=Don%20Barker%20Ltd&query_place_id=ChIJU7VN8UAveUgRuXxGw0ru41M","Blacksmith"
"Acaster Forge Limited","4.4","8","Waterline Industrial Estate","York",,"GB","http://www.acasterforge.co.uk/","+44 1904 701513","Metal fabricator",,,,,,,,,,,"https://www.google.com/maps/search/?api=1&query=Acaster%20Forge%20Limited&query_place_id=ChIJHXX8whA6eUgRq4L2nNOfuIg","Metal fabricator"
"Andrew Brind Ltd, Gates and railings York","4.7","12","Unit 10, Laveracks Industrial Estate, York Road","York",,"GB","http://www.andrewbrindltd.co.uk/","+44 1904 608501","Blacksmith","Artist","Building restoration service","Metal fabricator","Metal working shop","Railing contractor","Security system installation service","Security system supplier","Steel supplier","Welder",,"https://www.google.com/maps/search/?api=1&query=Andrew%20Brind%20Ltd%2C%20Gates%20and%20railings%20York&query_place_id=ChIJ_btPXUAveUgRKW5Pp1leJAw","Blacksmith"
"Flatford Ltd","5","1","York Road","York",,"GB","http://www.flatford.co.uk/","+44 1904 608383","Steel fabricator",,,,,,,,,,,"https://www.google.com/maps/search/?api=1&query=Flatford%20Ltd&query_place_id=ChIJsZe9zkYveUgR86MTSDgTOyw","Steel fabricator"
"Minster Engineering Co Ltd","5","24","Ebor Industrial Estate, Ebor Industrial Esta, 62 Hallfield Rd","York",,"GB","http://www.minsterengineering.co.uk/","+44 1904 717220","Engineer",,,,,,,,,,,"https://www.google.com/maps/search/?api=1&query=Minster%20Engineering%20Co%20Ltd&query_place_id=ChIJ7YRY2bkxeUgRDE55Bo3Hs20","Engineer"
"KH Storage","5","11","45 Common Rd","York",,"GB","https://www.yorkstorage.co.uk/","+44 1904 488315","Self-storage facility",,,,,,,,,,,"https://www.google.com/maps/search/?api=1&query=KH%20Storage&query_place_id=ChIJGTIv2jsveUgRZ9mWWS1ST94","Self-storage facility"
"G.W Smith Fabrications, metal fabrications york","5","5","Unit 3, Handley Park, Elvington Industrial Estate","York",,"GB","https://www.gwsmithfabrications.com/","+44 1904 608722","Metal fabricator","Aluminum welder","Sheet metal contractor","Steel fabricator","Welder",,,,,,,"https://www.google.com/maps/search/?api=1&query=G.W%20Smith%20Fabrications%2C%20metal%20fabrications%20york&query_place_id=ChIJ_btPXUAveUgRVkm5NvnVWQY","Metal fabricator"
"ISF","5","1","The Raylor Centre, James St","York",,"GB","http://www.isfyork.com/","+44 1904 430005","Material handling equipment supplier","Mechanical engineer","Metal fabricator","Sheet metal contractor","Steel fabricator",,,,,,,"https://www.google.com/maps/search/?api=1&query=ISF&query_place_id=ChIJW3fO77YxeUgRaN4YsPtaxWU","Material handling equipment supplier"
"Air Supply Ltd","4.2","5","Airfield Ind Est, 6b Harrier Ct","York",,"GB","https://www.airsupply.co.uk/","+44 1904 607050","Air compressor supplier","Air compressor repair service",,,,,,,,,,"https://www.google.com/maps/search/?api=1&query=Air%20Supply%20Ltd&query_place_id=ChIJ6dc2hGwveUgR_sPytXdy4nw","Air compressor supplier"
"Yorkshire Gates, Railings & Stainless Steel","4.8","18","Foss Farm, Temple Ln","York",,"GB","http://yorkshiregrs.com/?utm_source=google&utm_medium=wix_google_business_profile&utm_campaign=12257681787638272515","+44 7877 338165","Metal fabricator","Fence contractor","Metal workshop","Railing contractor","Repair service","Stair contractor","Steel fabricator",,,,,"https://www.google.com/maps/search/?api=1&query=Yorkshire%20Gates%2C%20Railings%20%26%20Stainless%20Steel&query_place_id=ChIJG9Ac2GwxeUgRwqjdMYS0XFw","Metal fabricator"
"Blacker Steel Fabrications Ltd","5","2","Outgang La","York",,"GB","http://www.blackersteel.co.uk/","+44 1904 427590","Steel fabricator",,,,,,,,,,,"https://www.google.com/maps/search/?api=1&query=Blacker%20Steel%20Fabrications%20Ltd&query_place_id=ChIJjxOX7iUueUgRvT_EtpIqpyw","Steel fabricator"
"YCE Catering Equipment Ltd","5","4","Unit B, 4 Chessingham Park","York",,"GB","http://www.yce.co.uk/","+44 113 252 6566","Restaurant supply store",,,,,,,,,,,"https://www.google.com/maps/search/?api=1&query=YCE%20Catering%20Equipment%20Ltd&query_place_id=ChIJn7gxYZVfeUgRmX1uQ2UPalI","Restaurant supply store"
"Yorlab","5","1","2 Chessingham Park","York",,"GB","http://yorlab.co.uk/","+44 1904 488599","Laboratory equipment supplier","Chemical wholesaler","Glass blower",,,,,,,,,"https://www.google.com/maps/search/?api=1&query=Yorlab&query_place_id=ChIJ_-ouQ_kueUgRXmuR0GHI9cM","Laboratory equipment supplier"
"Tayrol Ltd","5","3","Unit Y12, Elvington Industrial Estate","York",,"GB","http://www.tayrol.co.uk/","+44 1904 608852","Manufacturer",,,,,,,,,,,"https://www.google.com/maps/search/?api=1&query=Tayrol%20Ltd&query_place_id=ChIJrwRRXUAveUgRWN4XWua1upY","Manufacturer"
"J S & D Ray",,,"2 Scoreby Ln","York",,"GB",,"+44 1759 371167","Manufacturer",,,,,,,,,,,"https://www.google.com/maps/search/?api=1&query=J%20S%20%26%20D%20Ray&query_place_id=ChIJu6kXF7IueUgRQZKcjIFBS6g","Manufacturer"
"Chemicals Direct",,,"2 Chessingham Park, Common Rd","York",,"GB","https://chemicals-direct.co.uk/","+44 1904 488599","Chemical plant",,,,,,,,,,,"https://www.google.com/maps/search/?api=1&query=Chemicals%20Direct&query_place_id=ChIJObklYfkueUgRL54nssNcS9I","Chemical plant"
"Tiffin Bakes Cake Shed","5","2","Hagg Ln","York",,"GB","https://www.instagram.com/tiffinbakes.york?igsh=MXhmdmt5OGk5bnR2eQ==&utm_source=qr","","Cake shop",,,,,,,,,,,"https://www.google.com/maps/search/?api=1&query=Tiffin%20Bakes%20Cake%20Shed&query_place_id=ChIJTYHoDuMveUgR38jBrSQR-qM","Cake shop"
"D4 Transport","5","1","Business Centre, Tower Ct","York",,"GB","https://www.d4transportltd.co.uk/","+44 1904 947139","Transportation service",,,,,,,,,,,"https://www.google.com/maps/search/?api=1&query=D4%20Transport&query_place_id=ChIJkXBsPv8xeUgRnCyeO6Nt_2o","Transportation service"
"Oxford Welders","3","2","Outgang Ln","York",,"GB","http://oxfordwelders.co.uk/","+44 1904 410041","Manufacturer",,,,,,,,,,,"https://www.google.com/maps/search/?api=1&query=Oxford%20Welders&query_place_id=ChIJTwt85yUueUgRYg97CSGnjUg","Manufacturer"
"York Survey Supply Centre","4.2","5","Prospect House, George Cayley Dr","York",,"GB","http://www.yorksurvey.co.uk/","+44 1904 692723","Manufacturer",,,,,,,,,,,"https://www.google.com/maps/search/?api=1&query=York%20Survey%20Supply%20Centre&query_place_id=ChIJwbb7iHsxeUgRSO6F2YpjR88","Manufacturer"
"SDB Sheet Metal Enginers","5","2","Prospect Farm, Common Ln","York",,"GB",,"+44 7811 276101","Metal fabricator",,,,,,,,,,,"https://www.google.com/maps/search/?api=1&query=SDB%20Sheet%20Metal%20Enginers&query_place_id=ChIJvzebTy0veUgRBZbZL8ZkS3Y","Metal fabricator"
"Maxwell Scott Bags","4.6","92","Unit 9 Hassacarr Cl, Chessingham Park","York",,"GB","https://www.maxwellscottbags.com/","+44 870 242 4684","Leather goods manufacturer","Leather goods store","Leather wholesaler","Luggage store",,,,,,,,"https://www.google.com/maps/search/?api=1&query=Maxwell%20Scott%20Bags&query_place_id=ChIJK78ihYsCdkgR5_LKBtQE9E4","Leather goods manufacturer"
"Lowther aluminium systems","5","5","8 Stamford Bridge Rd","York",,"GB","http://lowtheraluminiumsystems.co.uk/","+44 1904 400535","Manufacturer",,,,,,,,,,,"https://www.google.com/maps/search/?api=1&query=Lowther%20aluminium%20systems&query_place_id=ChIJQbpSbjkveUgR2JAxuO-1UZI","Manufacturer"
"Azotic Technologies","3.7","3","6 Hassacarr Cl","York",,"GB","https://www.azotic.com/","","Warehouse",,,,,,,,,,,"https://www.google.com/maps/search/?api=1&query=Azotic%20Technologies&query_place_id=ChIJkwt7HFkveUgRd-eu5xhsjVs","Warehouse"
"Cockerill Ltd","4.1","71","Stamford Bridge Rd","York",,"GB","http://www.cockerill.co.uk/","+44 1904 481111","Agriculture","Farm",,,,,,,,,,"https://www.google.com/maps/search/?api=1&query=Cockerill%20Ltd&query_place_id=ChIJAYKA8V4ueUgRQmVVD0ncUp8","Agriculture"
"Eborcraft","2.3","3","12 Chessingham Park, Common Rd","York",,"GB","http://www.eborcraft.co.uk/","+44 1904 481020","Furniture manufacturer","Manufacturer",,,,,,,,,,"https://www.google.com/maps/search/?api=1&query=Eborcraft&query_place_id=ChIJjTJOXfkueUgRLH9jzf2Kc1U","Furniture manufacturer"
"Abelo Beekeeping Supplies","4.9","202","Old Station Yard, Common Rd","York",,"GB","http://www.abelo.co.uk/","+44 1904 849331","Agricultural product wholesaler","Farm shop",,,,,,,,,,"https://www.google.com/maps/search/?api=1&query=Abelo%20Beekeeping%20Supplies&query_place_id=ChIJ5cCdt-zXeEgRVY0l40ZXvEE","Agricultural product wholesaler"
"LEW Electrical Distributors York","5","1","Unit 7 Alexandra Ct, James St","York",,"GB","http://www.lewelectrical.co.uk/york","+44 1904 215440","Electrical products wholesaler",,,,,,,,,,,"https://www.google.com/maps/search/?api=1&query=LEW%20Electrical%20Distributors%20York&query_place_id=ChIJm2vZQiExeUgRuDDIQSF10lg","Electrical products wholesaler"
"York Box Ltd","5","28","Unit 10 Pyramid Ct, Rosetta Way","York",,"GB","https://www.yorkbox.co.uk/","+44 1904 937079","Packaging supply store","Packaging company","Packaging contractors and services",,,,,,,,,"https://www.google.com/maps/search/?api=1&query=York%20Box%20Ltd&query_place_id=ChIJjbBozT4xeUgRx8jK1DuKzMY","Packaging supply store"
"Evans Halshaw Vauxhall York","4.4","740","Centurion Way, Clifton Moor Gate","York",,"GB","https://www.evanshalshaw.com/dealers/vauxhall-york/?utm_source=google&utm_medium=organic&utm_content=vauxhall-york&utm_campaign=gplaces","+44 1904 696339","Vauxhall dealer","Auto parts manufacturer","Auto parts store","Auto repair shop","Car dealer","Car inspection station","Car rental agency","Truck dealer","Used car dealer","Used truck dealer",,"https://www.google.com/maps/search/?api=1&query=Evans%20Halshaw%20Vauxhall%20York&query_place_id=ChIJ9T8HKn8xeUgRY8aW0u2JsEc","Vauxhall dealer"
"Wilson Bio-Chemical Limited",,,"Unit 22 Hassacarr Ln","York",,"GB",,"+44 1246 264950","Chemical plant",,,,,,,,,,,"https://www.google.com/maps/search/?api=1&query=Wilson%20Bio-Chemical%20Limited&query_place_id=ChIJieCUnPkueUgRujAPKgVaqGY","Chemical plant"
"Booker York","4.4","100","Industrial Estate, Audax Rd","York",,"GB","https://www.booker.co.uk/?utm_source=Listings&utm_medium=Local&utm_campaign=Yext","+44 1904 691800","Wholesaler","Beer distributor","Butcher shop","Meat products store",,,,,,,,"https://www.google.com/maps/search/?api=1&query=Booker%20York&query_place_id=ChIJf4Fm2X0xeUgRXMNMqPL16l4","Wholesaler"
"Hallfield Road Motors","4","32",,"York",,"GB","https://www.hallfieldroadmotors.com/","+44 1904 427575","Used car dealer","Auto repair shop",,,,,,,,,,"https://www.google.com/maps/search/?api=1&query=Hallfield%20Road%20Motors&query_place_id=ChIJV7cGHroxeUgRj0yX6-ShfAI","Used car dealer"
"VAN HUT LTD","5","57","Mars Technology Centre, The, Stamford Bridge Rd","York",,"GB","https://www.vanhutyork.com/","+44 7834 702914","Motor vehicle dealer",,,,,,,,,,,"https://www.google.com/maps/search/?api=1&query=VAN%20HUT%20LTD&query_place_id=ChIJq6qqk14ueUgRosOAN7gsGHc","Motor vehicle dealer"
"York Ironworks","5","1","Unit 13, The Gardens, Malton Road Developments Ltd","York",,"GB",,"+44 7713 100105","Metal fabricator","Iron works","Railing contractor",,,,,,,,,"https://www.google.com/maps/search/?api=1&query=York%20Ironworks&query_place_id=ChIJ1TCzsXoteUgR1PwnB_8U2dE","Metal fabricator"
"Alderson Motors LTD","4.6","125","The Village","York",,"GB","https://www.aldersonmotors.co.uk/","+44 1904 400536","Auto repair shop","Motor vehicle dealer","Used car dealer",,,,,,,,,"https://www.google.com/maps/search/?api=1&query=Alderson%20Motors%20LTD&query_place_id=ChIJV4gnW9cteUgRG0MfJlW76rk","Auto repair shop"
"York Powder Coating","4.6","19","Unit 11B, Elvington Industrial Estate","York",,"GB","http://www.yorkpowdercoating.co.uk/","+44 1904 488077","Powder coating service",,,,,,,,,,,"https://www.google.com/maps/search/?api=1&query=York%20Powder%20Coating&query_place_id=ChIJx902jEgueUgR7Vq2ojBFsEg","Powder coating service"
"SG Petch York","4.8","1192","Monks Cross, Jockey Ln, Monks Cross Dr","York",,"GB","https://www.sgpetch.co.uk/york","+44 1904 466600","Car dealer","Auto repair shop",,,,,,,,,,"https://www.google.com/maps/search/?api=1&query=SG%20Petch%20York&query_place_id=ChIJbRvGnPAxeUgRZy_e8P5-KUU","Car dealer"
"AgriFood X Limited",,,"1 Hassacarr Ln","York",,"GB","http://www.agrifoodx.com/","+44 1904 894005","Research and product development","Biochemistry lab","Biotechnology company",,,,,,,,,"https://www.google.com/maps/search/?api=1&query=AgriFood%20X%20Limited&query_place_id=ChIJLZe73uEveUgRLy5VWyjXeSY","Research and product development"
"Trade Centre York","4.6","5","Ideal Marble & Granite, Mars Technology Centre","York",,"GB","https://www.tradecentreyork.co.uk/","+44 7966 692623","Car dealer",,,,,,,,,,,"https://www.google.com/maps/search/?api=1&query=Trade%20Centre%20York&query_place_id=ChIJL0IGeVwueUgRI0Zp3iARXLY","Car dealer"
"Prestige Car Supermarket","4.3","1304","A19","York",,"GB","http://www.prestigecarsupermarket.co.uk/","+44 1904 644440","Used car dealer",,,,,,,,,,,"https://www.google.com/maps/search/?api=1&query=Prestige%20Car%20Supermarket&query_place_id=ChIJO7q4YdU5eUgRBb8dg60zlP0","Used car dealer"
"Bickerton Car Sales","4.5","29","Elvington Industrial Estate, York Road","York",,"GB","https://www.bickertoncars.co.uk/","+44 1904 608613","Auto broker",,,,,,,,,,,"https://www.google.com/maps/search/?api=1&query=Bickerton%20Car%20Sales&query_place_id=ChIJ_btPXUAveUgRv2QC_iWj89I","Auto broker"
"ST-RS Automotive Ltd","5","94","Moor Farm Buildings","York",,"GB","http://strsautomotive.com/","+44 1904 530641","Motor vehicle dealer","Car dealer","Used car dealer",,,,,,,,,"https://www.google.com/maps/search/?api=1&query=ST-RS%20Automotive%20Ltd&query_place_id=ChIJQ_DuyrfFKykR0atNkJxecsw","Motor vehicle dealer"
"Yortracked - Mobile auto-electric services","4.9","47","Car & Commercial, Hull Rd","York",,"GB","http://www.yortracked.co.uk/","+44 1904 900171","Auto electrical service",,,,,,,,,,,"https://www.google.com/maps/search/?api=1&query=Yortracked%20-%20Mobile%20auto-electric%20services&query_place_id=ChIJnWg8jjoxeUgRvar6JWkKrJk","Auto electrical service"
"Stoneacre York","4.3","629","Monks Cross, Jockey Ln","York",,"GB","https://www.stoneacre.co.uk/dealership/stoneacre-york?utm_source=local&utm_medium=organic&utm_campaign=google","+44 1904 625371","Car dealer",,,,,,,,,,,"https://www.google.com/maps/search/?api=1&query=Stoneacre%20York&query_place_id=ChIJu9EvfPoxeUgRHDLpfrCZNXY","Car dealer"
"Motoplex Ltd","4.9","151","Bumper Castle, Wigginton Rd","York",,"GB","http://www.motoplex.co.uk/","+44 7754 306970","Used car dealer","Car dealer",,,,,,,,,,"https://www.google.com/maps/search/?api=1&query=Motoplex%20Ltd&query_place_id=ChIJPRnDN7MxeUgRPL-dGWMIkoI","Used car dealer"
"Cash4Cars York",,,"Office 2, Kilnfield House, 45 Common Rd","York",,"GB","https://www.cash4carsyork.co.uk/","+44 1904 922959","Used car dealer","Car dealer",,,,,,,,,,"https://www.google.com/maps/search/?api=1&query=Cash4Cars%20York&query_place_id=ChIJ7fuIQ_0veUgREOXc47jj6Sk","Used car dealer"
"Copycars","4.8","136","Unit 5, MX Park, Monks Cross Dr","York",,"GB","http://www.copycars.co.uk/","+44 1904 935193","Used car dealer","Auto air conditioning service","Car dealer","Car finance and loan company","Finance broker",,,,,,,"https://www.google.com/maps/search/?api=1&query=Copycars&query_place_id=ChIJn0mpvlM3eUgRjbJDamNAPME","Used car dealer"
"Cosmetics Cluster UK",,,"The Biorenewables Development Centre, BDC, 1 Hassacarr Cl","York",,"GB","http://cosmeticsclusteruk.com/","","Cosmetics industry",,,,,,,,,,,"https://www.google.com/maps/search/?api=1&query=Cosmetics%20Cluster%20UK&query_place_id=ChIJr_4BXYqaeEgR3TJp40sJJxk","Cosmetics industry"
"YESSS Electrical York","4.9","7","Unit 5 Seafire Cl","York",,"GB","https://www.yesss.co.uk/store/york","+44 1904 236501","Electrical products wholesaler","Electrical equipment supplier","Fire alarm supplier","Lighting store","Solar energy equipment supplier",,,,,,,"https://www.google.com/maps/search/?api=1&query=YESSS%20Electrical%20York&query_place_id=ChIJNV4WRn4xeUgRuyHhTDfqOPE","Electrical products wholesaler"
"21 Degrees York | Formerly Green Building Renewables","4.7","32","Unit 9 Chessingham Park","York",,"GB","https://www.21degrees.com/locations/york/","+44 1904 946609","Solar energy company","Door manufacturer","Door supplier","Energy equipment and solutions","Environment renewable natural resources","Heating equipment supplier","Solar energy system service","Solar energy equipment supplier","Window supplier",,,"https://www.google.com/maps/search/?api=1&query=21%20Degrees%20York%20%7C%20Formerly%20Green%20Building%20Renewables&query_place_id=ChIJATXYAqIreUgRf_sC3nE7p98","Solar energy company"
"Station Garage Haxby","4.6","73","Station Garage, Station Rd","York",,"GB","https://www.sgpetch.co.uk/haxby","+44 1904 750070","Auto body shop","Car inspection station","Convenience store","Gas station","Tire shop","Wheel alignment service",,,,,,"https://www.google.com/maps/search/?api=1&query=Station%20Garage%20Haxby&query_place_id=ChIJEW9xRdlOf0gRrhNPCIRKak4","Auto body shop"
"York Car and Commercial Ltd","4.9","27","Hull Rd","York",,"GB","https://www.yorkcarandcommercial.co.uk/?utm_source=business.google.com&utm_medium=organic&utm_campaign=gmb","+44 1904 488252","Used car dealer","Car finance and loan company",,,,,,,,,,"https://www.google.com/maps/search/?api=1&query=York%20Car%20and%20Commercial%20Ltd&query_place_id=ChIJA95fXTEueUgRaJr3wHq4ibk","Used car dealer"
"Yorvik Cars Ltd","4.8","47","Elvington Industrial Estate, Unit 6 Handley Park","York",,"GB","http://www.yorvikcars.com/","+44 1904 608365","Used car dealer","Car dealer","Motorcycle dealer",,,,,,,,,"https://www.google.com/maps/search/?api=1&query=Yorvik%20Cars%20Ltd&query_place_id=ChIJ-wrBfkAveUgRYH60jlz93Ig","Used car dealer"
"Vertu Motors Accident Repair Centre York","4.7","24","Clifton Moor Gate","York",,"GB","https://www.vertumotors.com/find-a-dealer/bmw-york-bodyshop/","+44 1904 926282","Vehicle inspection service",,,,,,,,,,,"https://www.google.com/maps/search/?api=1&query=Vertu%20Motors%20Accident%20Repair%20Centre%20York&query_place_id=ChIJtyhMTboxeUgRQKegvTE8klU","Vehicle inspection service"
"Ceejay UK LTD","4.9","9","Unit 4, Green Lane Trading Estate, 4 Unit 4","York",,"GB","http://www.ceejays.com/","+44 1904 693936","Commercial printer",,,,,,,,,,,"https://www.google.com/maps/search/?api=1&query=Ceejay%20UK%20LTD&query_place_id=ChIJ6TvEgnoxeUgRNzIZ9f8FK5g","Commercial printer"
"Design and Print Solutions","4","3","University of York, Market Square, 6","York",,"GB","http://www.york.ac.uk/design-print-solutions","+44 1904 322160","Commercial printer","Digital printer","Graphic designer","Print shop","Website designer",,,,,,,"https://www.google.com/maps/search/?api=1&query=Design%20and%20Print%20Solutions&query_place_id=ChIJ__-vQzMweUgRPXRk6UieFFA","Commercial printer"
"Club Class Cars York","4.9","609","Kilnfield House, 45 Common Rd","York",,"GB","http://www.clubclasscarsyork.com/","+44 1904 922409","Used car dealer","Audi dealer","Auto repair shop","BMW dealer","Car dealer","Car repair and maintenance service","Mechanic","Mercedes-Benz dealer","Motor vehicle dealer",,,"https://www.google.com/maps/search/?api=1&query=Club%20Class%20Cars%20York&query_place_id=ChIJW5-nEdgveUgRst-9Gv3pg8s","Used car dealer"
"Monks Cross Used Cars","4.9","314","8 Julia Ave","York",,"GB","http://www.monkscrossusedcars.co.uk/","+44 1904 848435","Used car dealer",,,,,,,,,,,"https://www.google.com/maps/search/?api=1&query=Monks%20Cross%20Used%20Cars&query_place_id=ChIJx_RE__oxeUgRVdrk9JIK4jo","Used car dealer"
"Nu York Printing","4.9","30","11 Julia Ave","York",,"GB","http://www.nuyorkprinting.co.uk/","+44 7793 961334","Print shop","Commercial printer","Custom t-shirt store","Screen printer","Screen printing shop","T-shirt store",,,,,,"https://www.google.com/maps/search/?api=1&query=Nu%20York%20Printing&query_place_id=ChIJx_RE__oxeUgR9vNIyTr_sU8","Print shop"
"York Digital Image","4.3","143","8 Bridge St","York",,"GB","http://www.yorkdigitalimage.co.uk/","+44 1904 652666","Print shop","Banner store","Commercial printer","Digital printer","Invitation printing service","Photo lab","Picture frame shop","Poster store","Sign shop",,,"https://www.google.com/maps/search/?api=1&query=York%20Digital%20Image&query_place_id=ChIJY39orKkxeUgRmVE3yxS02JU","Print shop"
"York Print Company | Print & Signage","4.8","77","97 Walmgate","York",,"GB","https://www.yorkprintcompany.co.uk/?UTM_source=GMB_listing&UTM_medium=organic","+44 1904 439700","Digital printer","Banner store","Commercial printer","Custom label printer","Decal supplier","Poster store","Print shop","Sign shop",,,,"https://www.google.com/maps/search/?api=1&query=York%20Print%20Company%20%7C%20Print%20%26%20Signage&query_place_id=ChIJ9wSe6bExeUgRBohOAMAT1yM","Digital printer"
"Jetscreen York Ltd","5","1","11 Julia Ave","York",,"GB","https://jetscreen.org.uk/","+44 1904 644103","Commercial printer",,,,,,,,,,,"https://www.google.com/maps/search/?api=1&query=Jetscreen%20York%20Ltd&query_place_id=ChIJ0awR9voxeUgRlcyNr5wln9A","Commercial printer"
"Priory Garage Ltd.","4.8","66","24a Priory St","York",,"GB","https://yorkvisitorguide.info/about/garages-in-york/#priory-garage-ltd","+44 1904 671492","Auto repair shop",,,,,,,,,,,"https://www.google.com/maps/search/?api=1&query=Priory%20Garage%20Ltd.&query_place_id=ChIJS_m-RAcxeUgR3IPiH_0BWxA","Auto repair shop"
"Press Green","4.8","8","20 Lord Mayor's Walk","York",,"GB","http://www.pressgreen.com/","+44 1904 632313","Commercial printer","Graphic designer","Marketing agency",,,,,,,,,"https://www.google.com/maps/search/?api=1&query=Press%20Green&query_place_id=ChIJG2oLT6QxeUgRgP3OxTHs8oo","Commercial printer"
"Fulprint","4.9","38","7 Apollo St, Heslington Rd","York",,"GB","http://fulprint.com/","+44 1904 647422","Commercial printer",,,,,,,,,,,"https://www.google.com/maps/search/?api=1&query=Fulprint&query_place_id=ChIJSYp_EbMxeUgRleMUx-L5piw","Commercial printer"
"YORK MEDIA LIMITED","5","1","Airfield Business Park, Brinkworth Rush","York",,"GB","http://www.yorkmedia.co.uk/","+44 7494 977626",,,,,,,,,,,,"https://www.google.com/maps/search/?api=1&query=YORK%20MEDIA%20LIMITED&query_place_id=ChIJxzHu8XAveUgRnqJKWZfkrRE",
"Dunnington & Grimston Sports Club","4.4","129","Common Rd","York",,"GB","https://www.dunningtonsports.club/","+44 1904 481039","Sports complex",,,,,,,,,,,"https://www.google.com/maps/search/?api=1&query=Dunnington%20%26%20Grimston%20Sports%20Club&query_place_id=ChIJr26NZvoueUgRgdr54_w1_dc","Sports complex"
"Inc Dot Design & Print","5","191","Inc Dot House, Seafire Cl","York",,"GB","http://www.inc-dot.com/","+44 1904 477944","Print shop","Commercial printer","Digital printer","Graphic designer","Poster store",,,,,,,"https://www.google.com/maps/search/?api=1&query=Inc%20Dot%20Design%20%26%20Print&query_place_id=ChIJuy9WR34xeUgRaqxY1O43FHU","Print shop"
"Walstead York","5","5","Airfield Business Park, Brinkworth Rush","York",,"GB","http://www.walstead-uk.com/","+44 1904 608050","Commercial printer",,,,,,,,,,,"https://www.google.com/maps/search/?api=1&query=Walstead%20York&query_place_id=ChIJsd-v9KkveUgRfiLvMCSVgf8","Commercial printer"
"York Auto Bodyshop","4.6","58","194 Malton Rd","York",,"GB","http://www.yorkautobodyshopuk.com/","+44 1904 424223","Auto body shop","Auto bodywork mechanic","Auto painting","Auto repair shop","Auto restoration service","Car repair and maintenance service","Paint store","RV repair shop",,,,"https://www.google.com/maps/search/?api=1&query=York%20Auto%20Bodyshop&query_place_id=ChIJzVOd0O4xeUgReW96uad6khk","Auto body shop"
"Process Print","4.9","26","Independence House, Millfield Ln","York",,"GB","https://www.process-print.co.uk/","+44 1904 236129","Commercial printer","Digital printer","Invitation printing service","Print shop","Screen printer","Stationery manufacturer",,,,,,"https://www.google.com/maps/search/?api=1&query=Process%20Print&query_place_id=ChIJq6oeQnsxeUgRYdgGyhi5Gzc","Commercial printer"
"Alton Cars Ltd","4.2","183","Airfield Industrial Estate, Halifax Way","York",,"GB","https://www.altoncars.co.uk/","+44 1904 717100","Car repair and maintenance service","Auto body shop","Auto repair shop","Auto restoration service",,,,,,,,"https://www.google.com/maps/search/?api=1&query=Alton%20Cars%20Ltd&query_place_id=ChIJe3XTtLYxeUgRFRLp7SwuC2k","Car repair and maintenance service"
"JCT600 Accident Repair Centre York","4.3","200","Centurion Park, Clifton Moor Gate","York",,"GB","https://www.jct600.co.uk/accident-repairs/repair-centres/find-us/jct600-accident-repair-centre-york/1285/dealershipdetails.aspx","+44 114 322 3644","Auto repair shop",,,,,,,,,,,"https://www.google.com/maps/search/?api=1&query=JCT600%20Accident%20Repair%20Centre%20York&query_place_id=ChIJI7qgUHkxeUgRtmfjyZPiARM","Auto repair shop"
"York MOT Centre","4.8","135","32 Hospital Fields Rd","York",,"GB","http://www.yorkmots.co.uk/","+44 1904 541888","Car inspection station",,,,,,,,,,,"https://www.google.com/maps/search/?api=1&query=York%20MOT%20Centre&query_place_id=ChIJEY1AwlMweUgRmj6unlo9wDY","Car inspection station"
"York mot services","5","15","Hardwicke Cl","York",,"GB",,"+44 7841 521297","Auto repair shop","Car inspection station",,,,,,,,,,"https://www.google.com/maps/search/?api=1&query=York%20mot%20services&query_place_id=ChIJi6IfA7AxeUgRgcut4_H7aJ4","Auto repair shop"
"North East Truck & Van York","3.9","37","Clifton Industrial Estate, Auster Rd","York",,"GB","https://www.northeasttruckandvan.com/?utm_source=google+my+business&utm_medium=organic&utm_campaign=GMB+North+Truck+&+Van+York+Website+Button","+44 1904 479123","Truck dealer","Auto repair shop","Truck accessories store","Truck parts supplier","Truck repair shop","Trucking company","Used auto parts store","Used truck dealer","Vehicle inspection service",,,"https://www.google.com/maps/search/?api=1&query=North%20East%20Truck%20%26%20Van%20York&query_place_id=ChIJP2E-8H4xeUgRp0gMNFkw17w","Truck dealer"
"All Design & Print Ltd","5","8","Unit H, 12 Town End Gardens","York",,"GB","http://alldesignandprint.co.uk/","+44 1904 765334","Commercial printer",,,,,,,,,,,"https://www.google.com/maps/search/?api=1&query=All%20Design%20%26%20Print%20Ltd&query_place_id=ChIJ05Rdl7QzeUgRBUEuVdcXbT0","Commercial printer"
"AutoRefinishers - Eurorepar Car Service","4.6","42","Old Station Yard, Common Rd","York",,"GB","https://www.eurorepar.co.uk/centre-autorefinishers-york-ltd-dunnington-10203.html","+44 1904 481177","Car repair and maintenance service","Auto body shop","Auto bodywork mechanic","Auto dent removal service","Auto painting","Auto repair shop",,,,,,"https://www.google.com/maps/search/?api=1&query=AutoRefinishers%20-%20Eurorepar%20Car%20Service&query_place_id=ChIJx5jd2UcueUgR3d9xpFsbZQQ","Car repair and maintenance service"
"The MOT Man York","5","39","Haxby Moor Rd","York",,"GB",,"+44 7752 372635","Car repair and maintenance service",,,,,,,,,,,"https://www.google.com/maps/search/?api=1&query=The%20MOT%20Man%20York&query_place_id=ChIJjXQ0cXszeUgRRzeY7ch98RY","Car repair and maintenance service"
"Focus 4 Print","4.6","9","1 James St","York",,"GB","https://www.focus4print.co.uk/","+44 1904 673030","Commercial printer",,,,,,,,,,,"https://www.google.com/maps/search/?api=1&query=Focus%204%20Print&query_place_id=ChIJp3n3NbExeUgRwxIJJWYxylw","Commercial printer"
"Dyrdals Garage","4.9","118","34 Hospital Fields Rd","York",,"GB","http://www.dyrdalsgarageyork.co.uk/","+44 1904 633809","Used car dealer",,,,,,,,,,,"https://www.google.com/maps/search/?api=1&query=Dyrdals%20Garage&query_place_id=ChIJ7Q6P6VMweUgRfUgG1G0j53M","Used car dealer"
"Poppleton MOT Centre","4.9","54","Unit 12 The Rose Centre, Rose Ave","York",,"GB",,"+44 1904 790442","Auto repair shop",,,,,,,,,,,"https://www.google.com/maps/search/?api=1&query=Poppleton%20MOT%20Centre&query_place_id=ChIJV13sTNcxeUgRhYM7q_-mQtE","Auto repair shop"
"Print Love Ltd","5","3","Airfield Business Park, 10 Harrier Ct","York",,"GB","http://printlove.uk/","+44 1904 608158","Commercial printer",,,,,,,,,,,"https://www.google.com/maps/search/?api=1&query=Print%20Love%20Ltd&query_place_id=ChIJa3JiYmwveUgRYnkASQwAhqk","Commercial printer"
"Mail Boxes Etc. York","4.6","240","13 Micklegate","York",,"GB","https://www.mbe.co.uk/york?utm_source=GMB&utm_medium=GoogleOrganic&utm_campaign=GMBYork","+44 1904 672623","Courier service","Business center","Commercial printer","Copy shop","Digital printing service","Import export company","Mailbox rental service","Print shop","Shipping and mailing service","Stationery store",,"https://www.google.com/maps/search/?api=1&query=Mail%20Boxes%20Etc.%20York&query_place_id=ChIJAdkxKakxeUgROFs2T3uOBUc","Courier service"
"Quacks Printers","5","2","7 Grape Ln","York",,"GB","http://radiusonline.info/quacks-printer/","+44 1904 635967","Commercial printer",,,,,,,,,,,"https://www.google.com/maps/search/?api=1&query=Quacks%20Printers&query_place_id=ChIJM20PEKYxeUgRo8HE9TLH06w","Commercial printer"
"The Garage Tyre & Autocare","4.9","562","112 Layerthorpe","York",,"GB","http://www.thegaragetyreandautocare.co.uk/","+44 1904 624555","Auto repair shop","Auto air conditioning service","Auto spring shop","Brake shop","Car battery store","Car inspection station","Car repair and maintenance service","Diagnostic center","Muffler shop","Tire shop","Wheel alignment service","https://www.google.com/maps/search/?api=1&query=The%20Garage%20Tyre%20%26%20Autocare&query_place_id=ChIJNdZSybsxeUgR_c3EXSIFP1E","Auto repair shop"
"Huntington Service Station","4.9","81","67 N Moor Rd","York",,"GB","http://www.huntingtonservicestation.com/","+44 1904 768808","Car inspection station",,,,,,,,,,,"https://www.google.com/maps/search/?api=1&query=Huntington%20Service%20Station&query_place_id=ChIJR_UftR4yeUgRZsHMA1w31Ok","Car inspection station"
"Rydal Garage York Ltd","4.9","84","York Rd","York",,"GB","http://www.rydalgarage.co.uk/","+44 1904 608806","Car inspection station",,,,,,,,,,,"https://www.google.com/maps/search/?api=1&query=Rydal%20Garage%20York%20Ltd&query_place_id=ChIJv2bgSUAveUgRRheXBT8e2M0","Car inspection station"
"KLS at Bryn's Garage","4.8","39","Unit 28, The Raylor Centre, James St","York",,"GB","https://yorkvisitorguide.info/about/garages-in-york/#bryns-garage","+44 1904 430650","Auto repair shop",,,,,,,,,,,"https://www.google.com/maps/search/?api=1&query=KLS%20at%20Bryn's%20Garage&query_place_id=ChIJC1WD-7YxeUgREBYbiBYLjCs","Auto repair shop"
"Motus Commercials York - DAF","4.3","33","Unit F Auster Rd","York",,"GB","https://www.motuscommercials.co.uk/daf/locations/daf-york","+44 1904 692909","Truck dealer","Truck parts supplier","Truck repair shop",,,,,,,,,"https://www.google.com/maps/search/?api=1&query=Motus%20Commercials%20York%20-%20DAF&query_place_id=ChIJP2E-8H4xeUgRbO9k-3SBklY","Truck dealer"
"A64 Van Sales","4.2","16","Assistance House, A64 Malton Rd","York",,"GB","https://a64vansalesltd.co.uk/","+44 1904 421849","Motor vehicle dealer",,,,,,,,,,,"https://www.google.com/maps/search/?api=1&query=A64%20Van%20Sales&query_place_id=ChIJdXR8ahoteUgRmTsGGD3d1Aw","Motor vehicle dealer"
"Stoneacre York Ford Transit Centre","4.7","28","Ford, Jockey Ln","York",,"GB","https://www.stoneacre.co.uk/dealership/transit-centre-york?utm_source=local&utm_medium=organic&utm_campaign=google","+44 1904 625371","Motor vehicle dealer",,,,,,,,,,,"https://www.google.com/maps/search/?api=1&query=Stoneacre%20York%20Ford%20Transit%20Centre&query_place_id=ChIJJUYlk_AxeUgR7Ggfy4zFkWU","Motor vehicle dealer"
"Spectrum Signs","5","5","Elvington Industrial Estate, Unit R5, York Rd","York",,"GB","http://www.signsbyspectrum.com/","+44 1904 607000","Signwriting service","Print shop",,,,,,,,,,"https://www.google.com/maps/search/?api=1&query=Spectrum%20Signs&query_place_id=ChIJ_btPXUAveUgRHyFfBnzuoF0","Signwriting service"
"Paul Rhodes Commercials York LTD","4.9","47","Sandy Ln","York",,"GB","https://prcommercialsyork.co.uk/","+44 7971 877297","Motor vehicle dealer",,,,,,,,,,,"https://www.google.com/maps/search/?api=1&query=Paul%20Rhodes%20Commercials%20York%20LTD&query_place_id=ChIJQz9VO9IteUgRZS5gB9cqvck","Motor vehicle dealer"
"M4","5","21","Unit 2 The Granary, Cliftongate Business Park Road, Wigginton Road","York",,"GB","http://www.m4uk.com/","+44 1904 690003","Sign shop","Signwriting service","Vinyl sign shop",,,,,,,,,"https://www.google.com/maps/search/?api=1&query=M4&query_place_id=ChIJ9QgBMdUzeUgR49J3bLX9vXU","Sign shop"
"Max Car Care Valeting & Detailing","4.8","91","Unit 7, Osbaldwick Industrial Estate, Outgang Ln","York",,"GB","http://www.maxcarcare.co.uk/","+44 7906 004105","Car detailing service","Boat detailing service","Vehicle wrapping service",,,,,,,,,"https://www.google.com/maps/search/?api=1&query=Max%20Car%20Care%20Valeting%20%26%20Detailing&query_place_id=ChIJ08ggb4AyeUgRTNqqmNZmJoQ","Car detailing service"
"Ings View Service Station","4.9","78","Shipton Rd","York",,"GB","http://ings-view-service.jany.io/","+44 1904 624562","Car inspection station",,,,,,,,,,,"https://www.google.com/maps/search/?api=1&query=Ings%20View%20Service%20Station&query_place_id=ChIJuZ9OKVkxeUgRU2QnaThzz7c","Car inspection station"
"Spectrum Auto Services","4.9","40","The Raylor Centre, James St","York",,"GB","https://cameronsgtauto.co.uk/services/spectrum-body-shop/","+44 1904 430205","Auto repair shop",,,,,,,,,,,"https://www.google.com/maps/search/?api=1&query=Spectrum%20Auto%20Services&query_place_id=ChIJW3fO77YxeUgRqJewTTKvm48","Auto repair shop"
"Wilco Motosave","4.3","341","Malton Rd","York",,"GB","https://wilcomotosave.co.uk/our-branches/york/","+44 1904 431951","Tire shop","Auto parts store","Auto repair shop","Bicycle repair shop","Bicycle Shop","Car repair and maintenance service",,,,,,"https://www.google.com/maps/search/?api=1&query=Wilco%20Motosave&query_place_id=ChIJxfcvCusxeUgRijZCX2q1i_0","Tire shop"
"Moorcroft Service Station","4.5","126","Moorcroft Service Station/Moorcroft Rd","York",,"GB","https://www.motyork.co.uk/","+44 1904 706673","Auto repair shop",,,,,,,,,,,"https://www.google.com/maps/search/?api=1&query=Moorcroft%20Service%20Station&query_place_id=ChIJmcr3AsUweUgRZ-S8yqLCXRs","Auto repair shop"
"Camerons Gt Auto Ltd","4.5","71","Unit 27, The Raylor Centre, James St","York",,"GB","https://cameronsgtauto.co.uk/","+44 1904 610650","Auto repair shop","Auto air conditioning service","Auto body shop","Mechanic",,,,,,,,"https://www.google.com/maps/search/?api=1&query=Camerons%20Gt%20Auto%20Ltd&query_place_id=ChIJVfCCrwYxeUgRk9INNYIiA04","Auto repair shop"
"Signs Express York","5","12","Outgang Ln","York",,"GB","https://www.signsexpress.co.uk/york?utm_source=google&utm_medium=organic&utm_campaign=GBP_York","+44 1904 376802","Sign shop",,,,,,,,,,,"https://www.google.com/maps/search/?api=1&query=Signs%20Express%20York&query_place_id=ChIJTZEYASYueUgR2wjP20OkL4w","Sign shop"
"York Mansion House","4.6","218","St. Helen’s Square","York",,"GB","http://www.mansionhouseyork.com/","+44 1904 553663","Tourist attraction","Historical place museum","Local history museum","Wedding venue",,,,,,,,"https://www.google.com/maps/search/?api=1&query=York%20Mansion%20House&query_place_id=ChIJWcgU1acxeUgRIUDTC9HZjlo","Tourist attraction"
"Club Class Entertainment","4.9","103","Kilnfield House, 45 Common Rd","York",,"GB","https://clubclassuk.com/","+44 333 030 0118","DJ service","Entertainment agency","Event planner","Mobile disco service","Party planner",,,,,,,"https://www.google.com/maps/search/?api=1&query=Club%20Class%20Entertainment&query_place_id=ChIJr4OkeQcxeUgRdGseCo8tReY","DJ service"
"HiQ Tyres & Autocare York","4.6","177","Unit 1 Outgang Ln","York",,"GB","https://www.hiqonline.co.uk/hiq-centres/york?utm_source=googlemybusiness&utm_medium=organic&utm_campaign=googlemybusiness","+44 1904 610101","Tire shop","Auto parts store","Auto repair shop","Brake shop","Car battery store","Car repair and maintenance service","Oil change service","Tire repair shop","Vehicle inspection service","Wheel alignment service",,"https://www.google.com/maps/search/?api=1&query=HiQ%20Tyres%20%26%20Autocare%20York&query_place_id=ChIJtQ1HVboxeUgR8vOGrbx_W9Q","Tire shop"
"Birch Park Vehicle Test Centre","4.7","70","1 Birch Park","York",,"GB","https://www.birchparkvtc.co.uk/","+44 1904 627444","Auto repair shop",,,,,,,,,,,"https://www.google.com/maps/search/?api=1&query=Birch%20Park%20Vehicle%20Test%20Centre&query_place_id=ChIJV-BbSZIxeUgRrW4_DrB_ys0","Auto repair shop"
"P and P Van Sales","5","1","Sandy Ln","York",,"GB","http://www.ppvansales.co.uk/","+44 1904 400707","Truck dealer","Used car dealer",,,,,,,,,,"https://www.google.com/maps/search/?api=1&query=P%20and%20P%20Van%20Sales&query_place_id=ChIJYW4eQ80teUgRi7xP9FcOZic","Truck dealer"
"Hotel Indigo York by IHG","4.5","1755","88-96 Walmgate","York",,"GB","https://www.ihg.com/hotelindigo/hotels/gb/en/york/yoryk/hoteldetail?cm_mmc=GoogleMaps-_-IN-_-GB-_-YORYK","+44 1904 231333","Hotel","Conference center","Wedding venue",,,,,,,,,"https://www.google.com/maps/search/?api=1&query=Hotel%20Indigo%20York%20by%20IHG&query_place_id=ChIJtVYD27ExeUgRuR7rK6Yt-lU","Hotel"
"York St John University Events","4.9","45","Lord Mayor's Walk","York",,"GB","https://www.yorksj.ac.uk/business-support/event-hire/","+44 1904 876318","Conference center",,,,,,,,,,,"https://www.google.com/maps/search/?api=1&query=York%20St%20John%20University%20Events&query_place_id=ChIJ4YBFUqQxeUgRz4sOiEE1sEM","Conference center"
"Merchant Adventurers' Hall","4.6","1357","The Hall, Fossgate","York",,"GB","http://www.merchantshallyork.org/","+44 1904 654818","History museum","Event venue","Historical landmark","Non-profit organization","Tourist attraction","Wedding venue",,,,,,"https://www.google.com/maps/search/?api=1&query=Merchant%20Adventurers'%20Hall&query_place_id=ChIJ-xagHq8xeUgRL_V47ns_ado","History museum"
"St Saviourgate Venues","4.7","32","Central Methodist Church, St Saviourgate","York",,"GB","http://www.ssvenuesyork.com/","+44 1904 612171","Event venue",,,,,,,,,,,"https://www.google.com/maps/search/?api=1&query=St%20Saviourgate%20Venues&query_place_id=ChIJb6lCR2AxeUgRXl0tw8z12Gc","Event venue"
"Hotel Clementine","4.6","620","4-5 St Peter's Grove","York",,"GB","http://www.clementinesguesthouse.com/","+44 1904 640101","Hotel",,,,,,,,,,,"https://www.google.com/maps/search/?api=1&query=Hotel%20Clementine&query_place_id=ChIJ78wVwU7AeEgRWgh60FPvLj4","Hotel"
"The Churchill Hotel","4.5","1651","65 Bootham","York",,"GB","http://www.churchillhotel.com/","+44 1904 644456","Hotel","Bar","Beer garden","Brasserie",,,,,,,,"https://www.google.com/maps/search/?api=1&query=The%20Churchill%20Hotel&query_place_id=ChIJwcZhJwoxeUgRZjG756P6opE","Hotel"
"Judges Court","4.1","335","Coney St","York",,"GB","http://www.judgescourt.co.uk/","+44 1904 676184","Hotel",,,,,,,,,,,"https://www.google.com/maps/search/?api=1&query=Judges%20Court&query_place_id=ChIJdc0GjqgxeUgRV_02XJtlGMc","Hotel"
"The Victoria","4.2","331","1 Heslington Rd","York",,"GB","http://www.victoriahotelyork.co.uk/","+44 1904 622295","Hotel","Pub",,,,,,,,,,"https://www.google.com/maps/search/?api=1&query=The%20Victoria&query_place_id=ChIJxU0UXLIxeUgRk8H8n-YZNV8","Hotel"
"The Judge's Lodging","4.3","2807","9 Lendal","York",,"GB","https://www.judgeslodgingyork.co.uk/","+44 1904 638733","Hotel","Bar","British restaurant","Inn","Pub",,,,,,,"https://www.google.com/maps/search/?api=1&query=The%20Judge's%20Lodging&query_place_id=ChIJ2x9r3KcxeUgRDhJP328B_eE","Hotel"
"The Falcon Boutique Inn on Micklegate","4.4","253","94 Micklegate","York",,"GB",,"+44 1904 466146","Inn","Guest house","Hotel","Pub","Self-catering accommodation",,,,,,,"https://www.google.com/maps/search/?api=1&query=The%20Falcon%20Boutique%20Inn%20on%20Micklegate&query_place_id=ChIJ0zJ3GwcxeUgRvOyhGWt7mrg","Inn"
"Guy Fawkes Inn","4.4","3123","25 High Petergate","York",,"GB","http://www.guyfawkesinnyork.com/","+44 1904 623716","Hotel",,,,,,,,,,,"https://www.google.com/maps/search/?api=1&query=Guy%20Fawkes%20Inn&query_place_id=ChIJtYhUFaYxeUgRvuoH1cj8iCg","Hotel"
"The Plough","4.5","1304","48 Main St","York",,"GB","http://www.the-plough-inn-york.co.uk/","+44 1904 615431","Bed & breakfast","Cottage","Gastropub","Guest house","Hotel","Inn","Pub","Restaurant","Self-catering accommodation",,,"https://www.google.com/maps/search/?api=1&query=The%20Plough&query_place_id=ChIJQ1ub6EQweUgRFYD1ygugnjY","Bed & breakfast"
"JGV Customs Ltd","5","61","Unit 10, Moor Farm, Moor Ln","York",,"GB","https://jgvcustoms.co.uk/","+44 7526 322379","Car detailing service","Auto bodywork mechanic","Auto tune up service","Wheel store","Window tinting service",,,,,,,"https://www.google.com/maps/search/?api=1&query=JGV%20Customs%20Ltd&query_place_id=ChIJ8wfmWrcveUgRQ1vtlg1ieFA","Car detailing service"
"York Rose B & B","4.7","54","The Bungalow","York",,"GB","http://www.yorkrose.co.uk/","+44 1759 380247","Bed & breakfast","Guest house",,,,,,,,,,"https://www.google.com/maps/search/?api=1&query=York%20Rose%20B%20%26%20B&query_place_id=ChIJczCrbSoveUgRBLQdqmYCuBg","Bed & breakfast"
"Deighton Lodge","4.2","134","Road","York",,"GB","http://www.deightonlodge.com/","+44 1904 809999","Wedding venue","Guest house","Holiday home","Yoga retreat center",,,,,,,,"https://www.google.com/maps/search/?api=1&query=Deighton%20Lodge&query_place_id=ChIJo9IMA686eUgRsTeTM02uus4","Wedding venue"
"Sixteen B","4.8","36","16B York St","York",,"GB","http://www.sixteenb.co.uk/","+44 7772 381430","Hotel",,,,,,,,,,,"https://www.google.com/maps/search/?api=1&query=Sixteen%20B&query_place_id=ChIJqegvW_YueUgRlVQfL3d02Rs","Hotel"
"York Venues: The Hospitium","4.6","181","The Hospitium, Museum Gardens","York",,"GB","http://www.yorkvenues.org.uk/","+44 1904 687671","Wedding venue","Conference center",,,,,,,,,,"https://www.google.com/maps/search/?api=1&query=York%20Venues%3A%20The%20Hospitium&query_place_id=ChIJZSw9iqcxeUgRIxfFno_Yx_g","Wedding venue"
"Villa Farm York","4.8","195","Villa Farm, Wigginton Rd","York",,"GB","http://www.villa-farm.com/","+44 1904 487129","Wedding venue","Cottage rental","Event venue",,,,,,,,,"https://www.google.com/maps/search/?api=1&query=Villa%20Farm%20York&query_place_id=ChIJhYUwrc0zeUgROmB4BlYmoSQ","Wedding venue"
"The MOT Shop","4.9","119","Unit 44, The Raylor Centre, James St","York",,"GB","http://www.motshop.co.uk/","+44 1904 431234","Car inspection station","Auto parts store","Car dealer","Car repair and maintenance service","Department of motor vehicles","Mobile home dealer","Motorcycle dealer",,,,,"https://www.google.com/maps/search/?api=1&query=The%20MOT%20Shop&query_place_id=ChIJW3fO77YxeUgR-JaFPGUL9pw","Car inspection station"
"York FootGolf","4.8","389","Skelton Park Golf Course, Shipton Rd","York",,"GB","https://yorkfootgolf.com/","+44 1904 470549","Tourist attraction","Sports complex",,,,,,,,,,"https://www.google.com/maps/search/?api=1&query=York%20FootGolf&query_place_id=ChIJEbH-R_wzeUgRCsJuAQjX4HY","Tourist attraction"
"The Crescent Community Venue","4.7","901","8 The Crescent","York",,"GB","http://thecrescentyork.com/","+44 1904 622510","Event venue","Bar","Live music venue","Pub",,,,,,,,"https://www.google.com/maps/search/?api=1&query=The%20Crescent%20Community%20Venue&query_place_id=ChIJwZHEqwYxeUgRHRyupdh8ZbI","Event venue"
"York Golf Range","4.5","163","Greystones Farm, Towthorpe Lane","York",,"GB","http://www.yorkgolfrange.co.uk/","+44 1904 499275","Golf driving range","Cafe","Golf club","Golf course","Golf instructor","Golf shop","Miniature golf course",,,,,"https://www.google.com/maps/search/?api=1&query=York%20Golf%20Range&query_place_id=ChIJY8bchpUteUgRDHjJIQlS6N0","Golf driving range"
"Forest of Galtres Golf Club","4.4","129","Skelton Ln","York",,"GB","http://www.forestofgaltres.co.uk/","+44 1904 766198","Golf club",,,,,,,,,,,"https://www.google.com/maps/search/?api=1&query=Forest%20of%20Galtres%20Golf%20Club&query_place_id=ChIJ4-rOJeYzeUgR8wcClQ8PiNY","Golf club"
"Stockton on the Forest Village Hall","4.5","33",,"York",,"GB","http://www.stocktonontheforest.org.uk/index.php/groups/groups-t-z/village-hall/","+44 1904 401730","Community center",,,,,,,,,,,"https://www.google.com/maps/search/?api=1&query=Stockton%20on%20the%20Forest%20Village%20Hall&query_place_id=ChIJd162cMIteUgRv5vkXqc_QQU","Community center"
"Grays Court Hotel and The Bow Room Restaurant","4.6","510","Chapter House St","York",,"GB","http://www.grayscourtyork.com/","+44 1904 612613","Hotel","Bar","Restaurant","Wedding venue",,,,,,,,"https://www.google.com/maps/search/?api=1&query=Grays%20Court%20Hotel%20and%20The%20Bow%20Room%20Restaurant&query_place_id=ChIJQ7zJMqQxeUgRqsmnuxXhlmM","Hotel"
"Forest Park Golf Club","4.5","173","The Village","York",,"GB","http://www.forestparkgolfclub.co.uk/","+44 1904 400425","Golf club","Bar","Golf driving range","Golf instructor","Restaurant",,,,,,,"https://www.google.com/maps/search/?api=1&query=Forest%20Park%20Golf%20Club&query_place_id=ChIJ32C-ft8teUgRN3-nOojy4h0","Golf club"
"Fulford Golf Club","4.7","214","Heslington Ln","York",,"GB","http://www.fulfordgolfclub.co.uk/","+44 1904 413579","Golf club",,,,,,,,,,,"https://www.google.com/maps/search/?api=1&query=Fulford%20Golf%20Club&query_place_id=ChIJSUZj4ToweUgR7Gxg0Ih-dy0","Golf club"
"No. 1 York by GuestHouse","4.7","321","1 Clifton","York",,"GB","https://www.guesthousehotels.co.uk/no-1-york/","","Hotel","Restaurant","Spa",,,,,,,,,"https://www.google.com/maps/search/?api=1&query=No.%201%20York%20by%20GuestHouse&query_place_id=ChIJMRlgLAoxeUgRAedMeyHE6Ik","Hotel"
"Heworth Golf Club","4.4","114","Muncaster House, Muncastergate","York",,"GB","http://heworthgolfclubyork.co.uk/","+44 1904 426156","Golf club",,,,,,,,,,,"https://www.google.com/maps/search/?api=1&query=Heworth%20Golf%20Club&query_place_id=ChIJX2WyAZUxeUgRHm79xtMYqaY","Golf club"
"York Clarence & Institute Ltd","4.3","37","87-93 Clarence St","York",,"GB",,"+44 1904 623962","Bar",,,,,,,,,,,"https://www.google.com/maps/search/?api=1&query=York%20Clarence%20%26%20Institute%20Ltd&query_place_id=ChIJvZXlfKExeUgRnvYdqqBGQWc","Bar"
"Bedern Hall","4.7","151","Bartle Garth, St Andrewgate","York",,"GB","https://www.bedernhall.co.uk/","+44 1904 646030","Wedding venue","Event venue","Heritage building","Tourist attraction",,,,,,,,"https://www.google.com/maps/search/?api=1&query=Bedern%20Hall&query_place_id=ChIJEbQ3lqUxeUgRT0P7fuIYyCc","Wedding venue"
"The Fat Badger York","4.4","2177","2-4 High Petergate","York",,"GB","https://www.thefatbadgeryork.com/","+44 1904 612078","Inn","Pub",,,,,,,,,,"https://www.google.com/maps/search/?api=1&query=The%20Fat%20Badger%20York&query_place_id=ChIJUarqqacxeUgRYMuUilW56CM","Inn"
"The National Centre for Early Music","4.8","452","National Centre For Early Music, St Margarets Church, 88-96 Walmgate","York",,"GB","https://www.ncem.co.uk/","+44 1904 632220","Live music venue","Conference center","Wedding venue",,,,,,,,,"https://www.google.com/maps/search/?api=1&query=The%20National%20Centre%20for%20Early%20Music&query_place_id=ChIJtVYD27ExeUgRZIupQ0Kn6Ro","Live music venue"
"The Masons Arms","4.6","1787","6 Fishergate","York",,"GB","http://www.masonsarmsyork.co.uk/","+44 1904 541479","Pub","Bar","Free parking lot","Indoor lodging","Inn","Restaurant","Serviced accommodation",,,,,"https://www.google.com/maps/search/?api=1&query=The%20Masons%20Arms&query_place_id=ChIJx2ZqyK0xeUgREe3SwlQghaw","Pub"
"Hotel du Vin York","4.5","941","89 The Mount","York",,"GB","https://www.hotelduvin.com/locations/york/?utm_source=google&utm_medium=organic&utm_campaign=york-gmb","+44 1904 405260","Hotel","Bar & grill","Bistro","British restaurant","Cocktail bar","French restaurant","Italian restaurant","Modern British restaurant","Modern French restaurant","Restaurant",,"https://www.google.com/maps/search/?api=1&query=Hotel%20du%20Vin%20York&query_place_id=ChIJu4p9psoxeUgR7QAujMnd7uk","Hotel"
"York Sport Village","4.4","508","Lakeside Way","York",,"GB","http://www.york-sport.com/","+44 1904 325751","Fitness center","Cycling park","Gym","Leisure center","Public swimming pool","Soccer field",,,,,,"https://www.google.com/maps/search/?api=1&query=York%20Sport%20Village&query_place_id=ChIJ68tPEjMueUgRtNimmIUmqM4","Fitness center"
"Pike Hills Golf","4.4","306","Tadcaster Rd","York",,"GB","http://www.pikehillsgolfclub.co.uk/","+44 1904 700797","Golf club","Bar","Restaurant",,,,,,,,,"https://www.google.com/maps/search/?api=1&query=Pike%20Hills%20Golf&query_place_id=ChIJ831efUw3eUgR_vn2dJyq_Q8","Golf club"
"Bishopthorpe Sports & Social Club","4.5","233","12 Main St","York",,"GB","https://bishopthorpeclub.co.uk/","+44 1904 707185","Club","Social club","Sports bar",,,,,,,,,"https://www.google.com/maps/search/?api=1&query=Bishopthorpe%20Sports%20%26%20Social%20Club&query_place_id=ChIJsSidBY4weUgR0TGrSMRISJ0","Club"
"St Lawrence Working Men's Club & Institute Ltd","4.4","70","27 Lawrence St","York",,"GB",,"+44 1904 626246","Workers' club","Bar",,,,,,,,,,"https://www.google.com/maps/search/?api=1&query=St%20Lawrence%20Working%20Men's%20Club%20%26%20Institute%20Ltd&query_place_id=ChIJmf_14bMxeUgReVwoWa3_eCM","Workers' club"
"Middlethorpe Hall and Spa","4.7","525","Bishopthorpe Rd","York",,"GB","http://www.middlethorpe.com/","+44 1904 641241","Hotel",,,,,,,,,,,"https://www.google.com/maps/search/?api=1&query=Middlethorpe%20Hall%20and%20Spa&query_place_id=ChIJ5VSipvUweUgRe25ZUJ1VvYA","Hotel"
"Tang Hall Working Mens Club & Institute Ltd","4.2","106","25 Hull Rd","York",,"GB",,"+44 1904 410565","Bar",,,,,,,,,,,"https://www.google.com/maps/search/?api=1&query=Tang%20Hall%20Working%20Mens%20Club%20%26%20Institute%20Ltd&query_place_id=ChIJCZAvM8oxeUgRHMEZ3y2T-vc","Bar"
"American Golf - York","4.3","198","UNIT 2, Julia Avenue, Retail Park, Monks Cross Dr, Julia Ave","York",,"GB","https://www.americangolf.co.uk/","+44 1904 672111","Golf shop",,,,,,,,,,,"https://www.google.com/maps/search/?api=1&query=American%20Golf%20-%20York&query_place_id=ChIJx_RE__oxeUgRPTZGZqv1g90","Golf shop"
"York Sports Club","4.6","531","Clifton Park, Shipton Rd","York",,"GB","http://www.yorksportsclub.co.uk/","+44 1904 623602","Event venue","Bar","Wedding venue",,,,,,,,,"https://www.google.com/maps/search/?api=1&query=York%20Sports%20Club&query_place_id=ChIJV_k_-2kxeUgRhCNzr8MxgFo","Event venue"
"Thompsons Roofing",,,"2, Greystones Court, Towthorpe Lane","North Yorkshire",,"GB",,"+44 800 696 5795","Roofing contractor",,,,,,,,,,,"https://www.google.com/maps/search/?api=1&query=Thompsons%20Roofing&query_place_id=ChIJrVOKz28yeUgRrrtpK1ojtY0","Roofing contractor"
"David Lloyd York","4.5","824","St John's Playing Field, Hull Rd","York",,"GB","https://www.davidlloyd.co.uk/clubs/york/?utm_source=google&utm_medium=places&utm_campaign=LPM_york%2F&y_source=1_OTEzMzc4MDctNzE1LWxvY2F0aW9uLndlYnNpdGU%3D","+44 1904 751500","Gym",,,,,,,,,,,"https://www.google.com/maps/search/?api=1&query=David%20Lloyd%20York&query_place_id=ChIJpaEnftIxeUgR2803gsbx3Mo","Gym"
"Dough Disciples","4.9","75","Murton Ln","York",,"GB","http://doughdisciples.co.uk/","+44 1904 900121","Mobile caterer","Catering food and drink supplier","Caterer","Party planner","Pizza restaurant","Pizza Takeout","Wedding service",,,,,"https://www.google.com/maps/search/?api=1&query=Dough%20Disciples&query_place_id=ChIJRxol_rgxeUgRZviS_bVsMAA","Mobile caterer"
"ADVANCED ROOFING CONTRACTORS LTD",,,"Peter Ln","York",,"GB","https://vipgaragedoorsolutions.com/","","Roofing contractor",,,,,,,,,,,"https://www.google.com/maps/search/?api=1&query=ADVANCED%20ROOFING%20CONTRACTORS%20LTD&query_place_id=ChIJ01H3-4kxeUgR0zcD6M0LFvI","Roofing contractor"
"York Hub","4.9","44","Hub, York Hub Popes Head Court Offices, Peter Ln","York",,"GB","http://www.yorkhub.co.uk/","+44 1904 670671","Coworking space","Conference center","Virtual office rental",,,,,,,,,"https://www.google.com/maps/search/?api=1&query=York%20Hub&query_place_id=ChIJ8arszqgxeUgRa7MGADYBOWQ","Coworking space"
"Swallow Hall","4.5","175","Wheldrake Ln","York",,"GB","http://www.swallowhall.com/","+44 1904 448889","Golf course","Golf club",,,,,,,,,,"https://www.google.com/maps/search/?api=1&query=Swallow%20Hall&query_place_id=ChIJLQNnJskleUgRKax1l9SDd2o","Golf course"
"York Sport Centre","4.3","241","University of York, James Way","York",,"GB","https://www.york-sport.com/","+44 1904 323856","Sports club","Athletic field","Athletic track","Fitness center","Gym","Squash court","Tennis court",,,,,"https://www.google.com/maps/search/?api=1&query=York%20Sport%20Centre&query_place_id=ChIJ6RcLQzMweUgR8xlx90ouUmg","Sports club"
"My York Roofer","5","1","York Hub Popes Head Court Offices, Peter Ln","York",,"GB","https://www.myyorkroofer.co.uk/","+44 1904 862152","Roofing contractor","Roofing supply store",,,,,,,,,,"https://www.google.com/maps/search/?api=1&query=My%20York%20Roofer&query_place_id=ChIJC3daixMxeUgRACcVh0TpRNM","Roofing contractor"
"Carter Jonas","4.7","161","82 Micklegate","York",,"GB","https://www.carterjonas.co.uk/estate-agents/york","+44 1904 558200","Real estate agency","Property management company",,,,,,,,,,"https://www.google.com/maps/search/?api=1&query=Carter%20Jonas&query_place_id=ChIJGw2hdgcxeUgRkkCCAGZ6nYM","Real estate agency"
"York Golf Club","4.6","192","Lords Moor Ln","York",,"GB","http://www.yorkgolfclub.co.uk/","+44 1904 491840","Golf club",,,,,,,,,,,"https://www.google.com/maps/search/?api=1&query=York%20Golf%20Club&query_place_id=ChIJM-sIg3cteUgRnnC-Bv1vZI0","Golf club"
"Moore Commercial Services",,,"Unit 20, Laveracks Industrial Estate","York",,"GB","https://moorecommercialservices.co.uk/","+44 1904 393980","Auto repair shop",,,,,,,,,,,"https://www.google.com/maps/search/?api=1&query=Moore%20Commercial%20Services&query_place_id=ChIJXZnKwM8veUgRpyCLjOZSzHQ","Auto repair shop"
